Name,Handedness,Height,Weight,Avg,HR,Successful Player,BMI,BMI of Player,Height of Player,Weight of Player
Tom Brown,R,73,170,0,0,0,22.4263,22,71,166
Denny Lemaster,R,73,182,0.13,4,4.13,24.0094,24,71,182
Joe Nolan,L,71,175,0.263,27,27.263,24.4049,24,69,174
Denny Doyle,L,69,175,0.25,16,16.25,25.8402,26,67,174
Jose Cardenal,R,70,150,0.275,138,138.275,21.5204,22,69,142
Mike Ryan,R,74,205,0.193,28,28.193,26.3176,26,73,198
Fritz Peterson,B,72,185,0.159,2,2.159,25.0878,25,71,182
Dick Bertell,R,72,200,0.25,10,10.25,27.1219,27,71,198
Rod Kanehl,R,73,180,0.241,6,6.241,23.7455,24,71,174
Ozzie Osborn,R,74,195,0,0,0,25.0338,25,73,190
John LaRose,L,73,185,0,0,0,24.4051,24,71,182
Jeff Byrd,R,75,195,0,0,0,24.3707,24,73,190
Juan Bonilla,R,69,170,0.256,7,7.256,25.1019,25,67,166
Frank Tepedino,L,71,185,0.241,6,6.241,25.7994,26,69,182
Jerry Kutzler,L,73,175,0,0,0,23.0859,23,71,174
Rick Wise,R,73,180,0.195,15,15.195,23.7455,24,71,174
Darrell Evans,L,74,200,0.248,414,414.248,25.6757,26,73,198
Buck Martinez,R,70,190,0.225,58,58.225,27.2592,27,69,190
John Wockenfuss,R,72,190,0.262,86,86.262,25.7658,26,71,190
Tommy McCraw,L,72,183,0.246,75,75.246,24.8166,25,71,182
Jeff Barkley,B,75,185,0,0,0,23.1209,23,73,182
Eric Wilkins,R,73,190,0,0,0,25.0647,25,71,190
Britt Burns,L,77,215,0,0,0,25.4925,25,75,213
Lee Lacy,R,73,175,0.286,91,91.286,23.0859,23,71,174
Pete Rose,B,71,192,0.303,160,160.303,26.7756,27,69,190
Danny Walton,R,72,195,0.223,28,28.223,26.4439,26,71,190
Bobby Cox,R,71,180,0.225,9,9.225,25.1022,25,69,174
Brad Wellman,R,72,170,0.231,6,6.231,23.0536,23,71,166
Jeff Newman,R,74,215,0.224,63,63.224,27.6014,28,73,213
Pedro Gonzalez,R,72,176,0.244,8,8.244,23.8673,24,71,174
Nardi Contreras,B,74,193,0,0,0,24.777,25,73,190
Tommie Reynolds,R,74,190,0.226,12,12.226,24.3919,24,73,190
Gene Clines,R,69,170,0.277,5,5.277,25.1019,25,67,166
Jim Hickman,R,75,192,0.252,159,159.252,23.9957,24,73,190
Jack Billingham,R,76,195,0.111,0,0.111,23.7336,24,75,190
Jerry Buchek,R,71,185,0.22,22,22.22,25.7994,26,69,182
Ivan DeJesus,R,71,175,0.254,21,21.254,24.4049,24,69,174
Gary Nolan,R,74,197,0.138,1,1.138,25.2905,25,73,190
Gil Patterson,R,73,185,0,0,0,24.4051,24,71,182
Fred Whitfield,L,73,190,0.253,108,108.253,25.0647,25,71,190
Larry Dierker,R,76,215,0.136,4,4.136,26.1678,26,75,213
Dave Skaggs,R,74,200,0.241,3,3.241,25.6757,26,73,198
Dick Ruthven,R,75,190,0.183,1,1.183,23.7458,24,73,190
Jerry Garvin,L,75,195,0,0,0,24.3707,24,73,190
Steve Eddy,R,74,185,0,0,0,23.75,24,73,182
Dave Kingman,R,78,210,0.236,442,442.236,24.2653,24,77,205
Eric Soderholm,R,71,187,0.264,102,102.264,26.0784,26,69,182
Kevin Mmahat,L,77,220,0,0,0,26.0853,26,75,213
Ed Brinkman,R,72,170,0.224,60,60.224,23.0536,23,71,166
Wayne Garrett,L,71,175,0.239,61,61.239,24.4049,24,69,174
Tony Muser,L,74,180,0.259,7,7.259,23.1081,23,73,174
Jim Siwy,R,76,200,0,0,0,24.3421,24,75,198
Bud Anderson,R,75,210,0,0,0,26.2453,26,73,205
Ted Ford,R,70,180,0.219,17,17.219,25.8245,26,69,174
Kevin Stanfield,L,72,190,0,0,0,25.7658,26,71,190
Jim Lyttle,L,72,180,0.248,9,9.248,24.4097,24,71,174
John Butcher,R,76,185,0,0,0,22.5164,23,75,182
Jerry Ujdur,R,73,195,0,0,0,25.7243,26,71,190
Scot Thompson,L,75,195,0.262,5,5.262,24.3707,24,73,190
Gene Locklear,L,70,165,0.274,9,9.274,23.6724,24,69,158
Bo Diaz,R,71,185,0.255,87,87.255,25.7994,26,69,182
Bump Wills,B,69,172,0.266,36,36.266,25.3972,25,67,166
Brian Denman,R,76,205,0,0,0,24.9507,25,75,198
Pat Putnam,L,72,205,0.255,63,63.255,27.8,28,71,198
Kurt Bevacqua,R,72,180,0.236,27,27.236,24.4097,24,71,174
Bob Fallon,L,75,200,0,0,0,24.9956,25,73,198
Syd O'Brien,R,73,185,0.23,24,24.23,24.4051,24,71,182
Chris Chambliss,L,73,195,0.279,185,185.279,25.7243,26,71,190
Tom Satriano,L,73,185,0.225,21,21.225,24.4051,24,71,182
Jeffrey Leonard,R,74,200,0.266,144,144.266,25.6757,26,73,198
Dal Maxvill,R,71,157,0.217,6,6.217,21.8947,22,69,150
Steve Curry,R,78,217,0,0,0,25.0741,25,77,213
Cesar Tovar,R,69,155,0.278,46,46.278,22.887,23,67,150
Mickey Lolich,B,73,170,0.11,0,0.11,22.4263,22,71,166
Ray Chadwick,B,74,180,0,0,0,23.1081,23,73,174
Jack Heidemann,R,72,175,0.211,9,9.211,23.7317,24,71,174
Rich Rollins,R,70,185,0.269,77,77.269,26.5418,27,69,182
Walt Bond,L,79,228,0.256,41,41.256,25.6824,26,77,221
Merv Rettenmund,R,70,190,0.271,66,66.271,27.2592,27,69,190
Bryan Clutterbuck,R,76,223,0,0,0,27.1414,27,75,221
Byron Browne,R,74,190,0.236,30,30.236,24.3919,24,73,190
Hector Torres,R,72,175,0.216,18,18.216,23.7317,24,71,174
Walt Williams,R,66,165,0.27,33,33.27,26.6288,27,65,158
Jerry Koosman,R,74,205,0.119,2,2.119,26.3176,26,73,198
Steve Lombardozzi,R,72,175,0.233,20,20.233,23.7317,24,71,174
Joe Azcue,R,72,190,0.252,50,50.252,25.7658,26,71,190
Elliott Maddox,R,71,180,0.261,18,18.261,25.1022,25,69,174
Omar Moreno,L,74,180,0.252,37,37.252,23.1081,23,73,174
Julian Javier,R,73,175,0.257,78,78.257,23.0859,23,71,174
Tony Ferreira,L,73,160,0,0,0,21.1071,21,71,158
Elio Chacon,R,69,160,0.232,4,4.232,23.6253,24,67,158
Rusty Torres,B,70,175,0.212,35,35.212,25.1071,25,69,174
John Stearns,R,72,185,0.26,46,46.26,25.0878,25,71,182
Larry Brown,R,70,160,0.233,47,47.233,22.9551,23,69,158
Tommy Dean,R,72,165,0.18,4,4.18,22.3756,22,71,158
Bryan Oelkers,L,75,192,0,0,0,23.9957,24,73,190
Kevin Bearse,L,74,195,0,0,0,25.0338,25,73,190
Marty Martinez,B,72,170,0.243,0,0.243,23.0536,23,71,166
Bruce Boisclair,L,74,185,0.263,10,10.263,23.75,24,73,182
Ken Singleton,B,76,210,0.282,246,246.282,25.5592,26,75,205
Frank White,R,71,165,0.255,160,160.255,23.0103,23,69,158
Jim Fairey,L,70,190,0.235,7,7.235,27.2592,27,69,190
Jose Roman,R,72,175,0,0,0,23.7317,24,71,174
Tom Brookens,R,70,165,0.246,71,71.246,23.6724,24,69,158
Gary Thomasson,L,73,180,0.249,61,61.249,23.7455,24,71,174
Mike Trujillo,R,73,180,0,0,0,23.7455,24,71,174
Albert Williams,R,76,190,0,0,0,23.125,23,75,190
Oswaldo Peraza,R,76,172,0,0,0,20.9342,21,75,166
Otto Velez,R,72,170,0.251,78,78.251,23.0536,23,71,166
Tony Scott,B,72,164,0.249,17,17.249,22.24,22,71,158
Ray Oyler,R,71,165,0.175,15,15.175,23.0103,23,69,158
Barry Cort,R,77,210,0,0,0,24.8996,25,75,205
Floyd Robinson,L,69,175,0.283,67,67.283,25.8402,26,67,174
Steve Jeltz,B,71,180,0.21,5,5.21,25.1022,25,69,174
Lou Brock,L,71,170,0.293,149,149.293,23.7076,24,69,166
Bill Wilkinson,R,70,160,0,0,0,22.9551,23,69,158
Joe Lovitto,B,72,185,0.216,4,4.216,25.0878,25,71,182
Mike Loynd,R,76,210,0,0,0,25.5592,26,75,205
Wayne Comer,R,70,175,0.229,16,16.229,25.1071,25,69,174
Dave Collins,B,71,175,0.272,32,32.272,24.4049,24,69,174
Ed Spiezio,R,71,180,0.238,39,39.238,25.1022,25,69,174
Rico Petrocelli,R,72,175,0.251,210,210.251,23.7317,24,71,174
Johnny Lewis,L,73,189,0.227,22,22.227,24.9328,25,71,182
Dick Simpson,R,76,176,0.207,15,15.207,21.4211,21,75,174
Ken Boswell,L,72,170,0.248,31,31.248,23.0536,23,71,166
Ken McMullen,R,75,190,0.248,156,156.248,23.7458,24,73,190
Randy Scarbery,B,73,185,0,0,0,24.4051,24,71,182
Steve Swisher,R,74,205,0.216,20,20.216,26.3176,26,73,198
Ben Callahan,R,79,230,0,0,0,25.9077,26,77,229
Dick Howser,R,68,155,0.248,16,16.248,23.5651,24,67,150
Manny Castillo,B,69,160,0.242,3,3.242,23.6253,24,67,158
Mike Ramsey,B,73,170,0.24,2,2.24,22.4263,22,71,166
Willie Crawford,L,73,197,0.268,86,86.268,25.9882,26,71,190
Bobby Cuellar,R,71,188,0,0,0,26.2178,26,69,182
Willie Norwood,R,72,185,0.242,18,18.242,25.0878,25,71,182
Mike Jones,L,78,215,0,0,0,24.843,25,77,213
Jeff Stone,L,72,175,0.277,11,11.277,23.7317,24,71,174
Ramon Manon,R,72,150,0,0,0,20.3414,20,71,142
Joe Lahoud,L,73,198,0.223,65,65.223,26.1201,26,71,198
Tim Flannery,L,71,175,0.255,9,9.255,24.4049,24,69,174
Dave McKay,B,73,195,0.229,21,21.229,25.7243,26,71,190
John Trautwein,R,75,205,0,0,0,25.6204,26,73,198
Andy Replogle,R,77,205,0,0,0,24.3068,24,75,198
Zach Crouch,L,75,180,0,0,0,22.496,22,73,174
Benny Ayala,R,73,185,0.251,38,38.251,24.4051,24,71,182
Ron Romanick,R,76,195,0,0,0,23.7336,24,75,190
Greg Gross,L,70,160,0.287,7,7.287,22.9551,23,69,158
Bruce Tanner,L,75,220,0,0,0,27.4951,27,73,213
Sal Butera,R,72,190,0.227,8,8.227,25.7658,26,71,190
Jack Brohamer,L,70,165,0.245,30,30.245,23.6724,24,69,158
Von Joshua,L,70,170,0.273,30,30.273,24.3898,24,69,166
Eddie Milner,L,71,173,0.253,42,42.253,24.126,24,69,166
Johnny Jeter,R,73,180,0.244,18,18.244,23.7455,24,71,174
Angel Salazar,R,72,180,0.212,2,2.212,24.4097,24,71,174
Tony Oliva,L,73,175,0.304,220,220.304,23.0859,23,71,174
Cito Gaston,R,75,190,0.256,91,91.256,23.7458,24,73,190
Cookie Rojas,R,70,160,0.263,54,54.263,22.9551,23,69,158
Rich Morales,R,71,170,0.195,6,6.195,23.7076,24,69,166
Dave Ford,R,76,190,0,0,0,23.125,23,75,190
Dan Ford,R,73,185,0.27,121,121.27,24.4051,24,71,182
Barry Raziano,B,70,175,0,0,0,25.1071,25,69,174
Darryl Motley,R,69,196,0.243,44,44.243,28.941,29,67,190
Ozzie Virgil,R,73,180,0.243,98,98.243,23.7455,24,71,174
Johnny Oates,L,71,188,0.25,14,14.25,26.2178,26,69,182
Pat Underwood,L,72,175,0,0,0,23.7317,24,71,174
Mike Phillips,L,72,170,0.24,11,11.24,23.0536,23,71,166
Ron Santo,R,72,190,0.277,342,342.277,25.7658,26,71,190
Jay Johnstone,L,73,175,0.267,102,102.267,23.0859,23,71,174
Jim Ray Hart,R,71,185,0.278,170,170.278,25.7994,26,69,182
Marc Hill,R,75,205,0.223,34,34.223,25.6204,26,73,198
Joel McKeon,L,72,185,0,0,0,25.0878,25,71,182
Danny Fife,R,75,175,0,0,0,21.8711,22,73,174
Chico Salmon,R,70,160,0.249,31,31.249,22.9551,23,69,158
Joe Niekro,R,73,185,0.156,1,1.156,24.4051,24,71,182
Andy Etchebarren,R,73,190,0.235,49,49.235,25.0647,25,71,190
Ken Berry,R,72,175,0.255,58,58.255,23.7317,24,71,174
Dave Concepcion,R,74,155,0.267,101,101.267,19.8986,20,73,150
Junior Moore,R,71,185,0.264,7,7.264,25.7994,26,69,182
Mike Richardt,R,72,170,0.226,4,4.226,23.0536,23,71,166
Chris Brown,R,72,185,0.269,38,38.269,25.0878,25,71,182
Al Bumbry,L,68,170,0.281,54,54.281,25.8456,26,67,166
Al Downing,R,71,175,0.127,2,2.127,24.4049,24,69,174
Bob Didier,B,72,190,0.229,0,0.229,25.7658,26,71,190
Jake Gibbs,L,72,180,0.233,25,25.233,24.4097,24,71,174
Garry Hancock,L,72,175,0.247,12,12.247,23.7317,24,71,174
Ed Kranepool,L,75,205,0.261,118,118.261,25.6204,26,73,198
Rick Rhoden,R,75,195,0.238,9,9.238,24.3707,24,73,190
Denny McLain,R,73,185,0.133,1,1.133,24.4051,24,71,182
Chuck Hiller,L,71,170,0.243,20,20.243,23.7076,24,69,166
Jorge Orta,L,70,170,0.278,130,130.278,24.3898,24,69,166
Dave Cash,R,71,170,0.283,21,21.283,23.7076,24,69,166
Bucky Dent,R,69,170,0.247,40,40.247,25.1019,25,67,166
Andy Beene,R,75,205,0,0,0,25.6204,26,73,198
Bruce Robbins,L,73,190,0,0,0,25.0647,25,71,190
Tony Gonzalez,L,69,170,0.286,103,103.286,25.1019,25,67,166
Leon Hooten,R,71,180,0,0,0,25.1022,25,69,174
Larry Haney,R,74,195,0.215,12,12.215,25.0338,25,73,190
Billy Conigliaro,R,72,180,0.256,40,40.256,24.4097,24,71,174
Gary Roenicke,R,75,205,0.247,121,121.247,25.6204,26,73,198
Don Lock,R,74,195,0.238,122,122.238,25.0338,25,73,190
Billy Cowan,R,72,170,0.236,40,40.236,23.0536,23,71,166
Billy Smith,B,74,185,0.23,17,17.23,23.75,24,73,182
Allan Ramirez,R,70,180,0,0,0,25.8245,26,69,174
Tony Perez,R,74,175,0.279,379,379.279,22.4662,22,73,174
Chuck Schilling,R,70,160,0.239,23,23.239,22.9551,23,69,158
Hal McRae,R,71,180,0.29,191,191.29,25.1022,25,69,174
Dave Roberts,R,75,215,0.239,49,49.239,26.8702,27,73,213
Brian Allard,R,73,175,0,0,0,23.0859,23,71,174
Jim Lefebvre,B,72,180,0.251,74,74.251,24.4097,24,71,174
Fernando Arroyo,R,74,180,0,0,0,23.1081,23,73,174
Gary Beare,R,76,205,0,0,0,24.9507,25,75,198
Charlie Spikes,R,75,215,0.246,65,65.246,26.8702,27,73,213
Brian Dubois,L,70,165,0,0,0,23.6724,24,69,158
Steve Whitaker,L,72,180,0.23,24,24.23,24.4097,24,71,174
Manny Jimenez,L,73,185,0.272,26,26.272,24.4051,24,71,182
Chris Batton,R,76,195,0,0,0,23.7336,24,75,190
Duffy Dyer,R,72,187,0.221,30,30.221,25.359,25,71,182
Ken Henderson,B,74,180,0.257,122,122.257,23.1081,23,73,174
Vance Lovelace,L,77,205,0,0,0,24.3068,24,75,198
Greg Thayer,R,71,182,0,0,0,25.3811,25,69,182
Vern Fuller,R,73,170,0.232,14,14.232,22.4263,22,71,166
Paul Hartzell,R,77,200,0,0,0,23.7139,24,75,198
Wayne Gross,L,74,210,0.233,121,121.233,26.9595,27,73,205
Mike Champion,R,72,185,0.229,2,2.229,25.0878,25,71,182
Ralph Botting,L,72,195,0,0,0,26.4439,26,71,190
Paul Casanova,R,76,180,0.225,50,50.225,21.9079,22,75,174
Steve Rogers,R,74,175,0.138,0,0.138,22.4662,22,73,174
Keith Creel,R,74,180,0,0,0,23.1081,23,73,174
Terry Crowley,L,72,180,0.25,42,42.25,24.4097,24,71,174
Horace Clarke,B,69,170,0.256,27,27.256,25.1019,25,67,166
Lou Clinton,R,73,185,0.247,65,65.247,24.4051,24,71,182
Larry Cox,R,70,178,0.221,12,12.221,25.5376,26,69,174
Nate Colbert,R,74,190,0.243,173,173.243,24.3919,24,73,190
Phil Roof,R,74,190,0.215,43,43.215,24.3919,24,73,190
Chuck Hinton,R,73,180,0.264,113,113.264,23.7455,24,71,174
Tim Cullen,R,73,185,0.22,9,9.22,24.4051,24,71,182
Tim Harkness,L,74,182,0.235,14,14.235,23.3649,23,73,182
Rick Bosetti,R,71,185,0.25,17,17.25,25.7994,26,69,182
Ron Pruitt,R,72,185,0.269,12,12.269,25.0878,25,71,182
George Foster,R,73,180,0.274,348,348.274,23.7455,24,71,174
Jerry White,B,70,164,0.253,21,21.253,23.529,24,69,158
Angel Mangual,R,70,178,0.245,22,22.245,25.5376,26,69,174
Ken Gerhart,R,72,190,0.221,24,24.221,25.7658,26,71,190
Mike Hershberger,R,70,175,0.252,26,26.252,25.1071,25,69,174
Jim French,L,68,180,0.196,5,5.196,27.3659,27,67,174
Dave Roberts,L,75,195,0.194,7,7.194,24.3707,24,73,190
Jim Mason,L,74,185,0.203,12,12.203,23.75,24,73,182
Mike Smith,R,75,180,0,0,0,22.496,22,73,174
Willie Smith,L,72,182,0.248,46,46.248,24.6809,25,71,182
T.R. Bryden,R,76,190,0,0,0,23.125,23,75,190
Jose Arcia,R,75,170,0.215,1,1.215,21.2462,21,73,166
Leon Durham,L,73,185,0.277,147,147.277,24.4051,24,71,182
Tom Makowski,R,71,185,0,0,0,25.7994,26,69,182
Paul Householder,B,72,180,0.236,29,29.236,24.4097,24,71,174
Aurelio Rodriguez,R,70,180,0.237,124,124.237,25.8245,26,69,174
Jimmy Stewart,B,72,165,0.237,8,8.237,22.3756,22,71,158
Dick Phillips,L,72,180,0.229,12,12.229,24.4097,24,71,174
Andres Thomas,R,73,170,0.234,42,42.234,22.4263,22,71,166
Ed Crosby,L,74,175,0.22,0,0.22,22.4662,22,73,174
Mike de la Hoz,R,71,175,0.251,25,25.251,24.4049,24,69,174
Frank Taveras,R,72,155,0.255,2,2.255,21.0195,21,71,150
Joe Nossek,R,72,178,0.228,3,3.228,24.1385,24,71,174
Larry Stahl,L,72,175,0.232,36,36.232,23.7317,24,71,174
Jose Cruz,L,72,170,0.284,165,165.284,23.0536,23,71,166
Don Mason,L,71,160,0.205,3,3.205,22.313,22,69,158
Bill Robinson,R,74,189,0.258,166,166.258,24.2635,24,73,182
Jim Umbarger,L,78,200,0,0,0,23.1098,23,77,198
Sal Bando,R,72,195,0.254,242,242.254,26.4439,26,71,190
George Mitterwald,R,74,195,0.236,76,76.236,25.0338,25,73,190
Mike Darr,R,76,190,0,0,0,23.125,23,75,190
Craig Robinson,R,70,165,0.219,0,0.219,23.6724,24,69,158
Bob Tillman,R,76,205,0.232,79,79.232,24.9507,25,75,198
Curt Wardle,L,77,220,0,0,0,26.0853,26,75,213
Pat Corrales,R,72,180,0.216,4,4.216,24.4097,24,71,174
Mike Tyson,R,69,170,0.241,27,27.241,25.1019,25,67,166
Rafael Landestoy,B,70,165,0.237,4,4.237,23.6724,24,69,158
Duane Josephson,R,72,190,0.258,23,23.258,25.7658,26,71,190
Duane Walker,L,72,185,0.229,24,24.229,25.0878,25,71,182
Glenn Hubbard,R,69,150,0.244,70,70.244,22.1487,22,67,142
Roger Freed,R,72,190,0.245,22,22.245,25.7658,26,71,190
George Hendrick,R,75,195,0.278,267,267.278,24.3707,24,73,190
Rod Carew,L,72,170,0.328,92,92.328,23.0536,23,71,166
Bob Davis,R,72,180,0.197,6,6.197,24.4097,24,71,174
Toby Harrah,R,72,175,0.264,195,195.264,23.7317,24,71,174
Rick Manning,L,73,180,0.257,56,56.257,23.7455,24,71,174
Israel Sanchez,L,69,170,0,0,0,25.1019,25,67,166
Steve Burke,B,74,200,0,0,0,25.6757,26,73,198
Gary Matthews,R,74,185,0.281,234,234.281,23.75,24,73,182
Cesar Geronimo,L,72,165,0.258,51,51.258,22.3756,22,71,158
Billy Bryan,L,76,200,0.216,41,41.216,24.3421,24,75,198
Terry Taylor,R,73,180,0,0,0,23.7455,24,71,174
Terry Whitfield,L,73,197,0.281,33,33.281,25.9882,26,71,190
Mario Mendoza,R,71,170,0.215,4,4.215,23.7076,24,69,166
Fred Lynn,L,73,185,0.283,306,306.283,24.4051,24,71,182
Larry Hisle,R,74,193,0.273,166,166.273,24.777,25,73,190
Graig Nettles,L,72,180,0.248,390,390.248,24.4097,24,71,174
Randy Nosek,R,76,215,0,0,0,26.1678,26,75,213
Dave Engle,R,75,210,0.262,31,31.262,26.2453,26,73,205
Narciso Elvira,L,70,160,0,0,0,22.9551,23,69,158
Mike Easler,L,72,190,0.293,118,118.293,25.7658,26,71,190
Mark Smith,R,74,215,0,0,0,27.6014,28,73,213
Paul Mitchell,R,73,195,0,0,0,25.7243,26,71,190
Rick Sweet,B,73,200,0.234,6,6.234,26.3839,26,71,198
Thurman Munson,R,71,190,0.292,113,113.292,26.4967,26,69,190
Rick Monday,L,75,193,0.264,241,241.264,24.1207,24,73,190
Mike Sadek,R,69,165,0.226,5,5.226,24.3636,24,67,158
Mark Belanger,R,73,170,0.228,20,20.228,22.4263,22,71,166
Ron Hunt,R,72,186,0.273,39,39.273,25.2234,25,71,182
Joe Keough,L,72,185,0.246,9,9.246,25.0878,25,71,182
Butch Edge,R,75,203,0,0,0,25.3705,25,73,198
Vic Correll,R,70,185,0.229,29,29.229,26.5418,27,69,182
Jackie Hernandez,R,71,165,0.208,12,12.208,23.0103,23,69,158
Tony Solaita,L,72,210,0.255,50,50.255,28.478,28,71,205
U L Washington,B,71,175,0.251,27,27.251,24.4049,24,69,174
Gary Mielke,R,75,185,0,0,0,23.1209,23,73,182
Rick Henninger,R,78,225,0,0,0,25.9985,26,77,221
Joe Foy,R,72,215,0.248,58,58.248,29.1561,29,71,213
Ed Goodson,L,75,180,0.26,30,30.26,22.496,22,73,174
Mark Brown,B,74,190,0,0,0,24.3919,24,73,190
Mickey Klutts,R,71,170,0.241,14,14.241,23.7076,24,69,166
Leroy Stanton,R,73,195,0.244,77,77.244,25.7243,26,71,190
Rafael Vasquez,R,72,160,0,0,0,21.6975,22,71,158
Len Whitehouse,L,71,175,0,0,0,24.4049,24,69,174
Danny Ainge,R,76,175,0.22,2,2.22,21.2993,21,75,174
Adolfo Phillips,R,73,175,0.247,59,59.247,23.0859,23,71,174
Marv Breeding,R,72,175,0.25,7,7.25,23.7317,24,71,174
Steve Adkins,R,78,210,0,0,0,24.2653,24,77,205
Dick McAuliffe,L,71,176,0.247,197,197.247,24.5443,25,69,174
Joe Horlen,R,72,170,0.134,0,0.134,23.0536,23,71,166
Glenn Burke,R,72,195,0.237,2,2.237,26.4439,26,71,190
Tony Mack,R,70,177,0,0,0,25.3941,25,69,174
Terry Humphrey,R,75,185,0.211,6,6.211,23.1209,23,73,182
Bill Moran,R,76,210,0,0,0,25.5592,26,75,205
Enzo Hernandez,R,68,155,0.224,2,2.224,23.5651,24,67,150
Cesar Gutierrez,R,69,155,0.235,0,0.235,22.887,23,67,150
Coco Laboy,R,70,165,0.233,28,28.233,23.6724,24,69,158
Ted Kubiak,B,72,175,0.231,13,13.231,23.7317,24,71,174
Jim Morrison,R,71,175,0.26,112,112.26,24.4049,24,69,174
Tom Gilles,R,73,185,0,0,0,24.4051,24,71,182
Bobby Knoop,R,73,170,0.236,56,56.236,22.4263,22,71,166
Bobby Brown,B,74,190,0.245,26,26.245,24.3919,24,73,190
Tom Hutton,L,71,180,0.248,22,22.248,25.1022,25,69,174
Ron Hodges,L,73,185,0.24,19,19.24,24.4051,24,71,182
Rich Chiles,L,71,170,0.254,6,6.254,23.7076,24,69,166
Tom Paciorek,R,76,215,0.282,86,86.282,26.1678,26,75,213
Gary Woods,R,74,185,0.243,13,13.243,23.75,24,73,182
Bob Montgomery,R,73,195,0.258,23,23.258,25.7243,26,71,190
Jeff Burroughs,R,73,200,0.261,240,240.261,26.3839,26,71,198
Rusty Staub,L,74,190,0.279,292,292.279,24.3919,24,73,190
Jim Norris,L,70,175,0.264,7,7.264,25.1071,25,69,174
Oscar Gamble,L,71,160,0.265,200,200.265,22.313,22,69,158
Bob Kammeyer,R,76,210,0,0,0,25.5592,26,75,205
George Vukovich,L,72,198,0.268,27,27.268,26.8507,27,71,198
Joe Pactwa,L,71,185,0,0,0,25.7994,26,69,182
Craig Reynolds,L,73,175,0.256,42,42.256,23.0859,23,71,174
Paul Blair,R,72,168,0.25,134,134.25,22.7824,23,71,166
Al Cowens,R,73,197,0.27,108,108.27,25.9882,26,71,190
Al Oliver,L,72,195,0.303,219,219.303,26.4439,26,71,190
Dave Hilton,R,71,191,0.213,6,6.213,26.6362,27,69,190
Luis Alvarado,R,69,162,0.214,5,5.214,23.9206,24,67,158
Larry Parrish,R,75,190,0.263,256,256.263,23.7458,24,73,190
Woodie Fryman,R,75,197,0.138,2,2.138,24.6206,25,73,190
Bob Randall,R,74,175,0.257,1,1.257,22.4662,22,73,174
Jim Pankovits,R,70,170,0.25,9,9.25,24.3898,24,69,166
Sherman Corbett,L,76,205,0,0,0,24.9507,25,75,198
Carmen Fanzone,R,72,200,0.224,20,20.224,27.1219,27,71,198
Gary Allenson,R,71,185,0.221,19,19.221,25.7994,26,69,182
Milt May,L,72,190,0.263,77,77.263,25.7658,26,71,190
Mike Vail,R,73,180,0.279,34,34.279,23.7455,24,71,174
Nick Esasky,R,75,200,0.25,122,122.25,24.9956,25,73,198
Jim Nettles,L,72,186,0.22,16,16.22,25.2234,25,71,182
Lafayette Currence,B,71,175,0,0,0,24.4049,24,69,174
Chris Cannizzaro,R,72,190,0.235,18,18.235,25.7658,26,71,190
Larry Biittner,L,74,205,0.273,29,29.273,26.3176,26,73,198
John Pawlowski,R,74,175,0,0,0,22.4662,22,73,174
Mel Stottlemyre,R,73,178,0.16,7,7.16,23.4817,23,71,174
Jack Hardy,R,74,175,0,0,0,22.4662,22,73,174
Ron Musselman,R,74,185,0,0,0,23.75,24,73,182
Roy Smalley,B,73,185,0.257,163,163.257,24.4051,24,71,182
Tony Chevez,R,71,177,0,0,0,24.6838,25,69,174
Andy Messersmith,R,73,200,0.17,5,5.17,26.3839,26,71,198
Richie Zisk,R,73,200,0.287,207,207.287,26.3839,26,71,198
Dave Chalk,R,70,175,0.252,15,15.252,25.1071,25,69,174
Don Baylor,R,73,190,0.26,338,338.26,25.0647,25,71,190
John Vukovich,R,73,187,0.161,6,6.161,24.669,25,71,182
Danny Thompson,R,72,183,0.248,15,15.248,24.8166,25,71,182
Joe Simpson,L,75,175,0.242,9,9.242,21.8711,22,73,174
Bill Fahey,L,72,200,0.241,7,7.241,27.1219,27,71,198
Doug Camilli,R,71,195,0.199,18,18.199,27.194,27,69,190
Bernie Allen,L,72,175,0.239,73,73.239,23.7317,24,71,174
Bruce Bochy,R,75,205,0.239,26,26.239,25.6204,26,73,198
Gary Ignasiak,R,71,185,0,0,0,25.7994,26,69,182
Claudell Washington,L,72,190,0.278,164,164.278,25.7658,26,71,190
John Donaldson,L,71,160,0.238,4,4.238,22.313,22,69,158
Mike Smithson,L,80,215,0,0,0,23.6164,24,79,213
John Mayberry,L,75,215,0.253,255,255.253,26.8702,27,73,213
Ken Reitz,R,72,180,0.26,68,68.26,24.4097,24,71,174
Amos Otis,R,71,165,0.277,193,193.277,23.0103,23,69,158
Gene Alley,R,70,160,0.254,55,55.254,22.9551,23,69,158
Ted Sizemore,R,70,165,0.262,23,23.262,23.6724,24,69,158
Dan Briggs,L,72,180,0.195,12,12.195,24.4097,24,71,174
Joe Skalski,R,75,190,0,0,0,23.7458,24,73,190
Doug Flynn,R,71,165,0.238,7,7.238,23.0103,23,69,158
Bert Bradley,B,73,190,0,0,0,25.0647,25,71,190
Ken Holtzman,R,74,175,0.163,2,2.163,22.4662,22,73,174
Pete Ward,L,73,185,0.254,98,98.254,24.4051,24,71,182
Kevin Bell,R,72,195,0.222,13,13.222,26.4439,26,71,190
Tom Nieto,R,73,193,0.205,5,5.205,25.4605,25,71,190
Duke Sims,L,74,197,0.239,100,100.239,25.2905,25,73,190
Larvell Blanks,R,68,167,0.253,20,20.253,25.3895,25,67,166
Francisco Barrios,R,71,155,0,0,0,21.6158,22,69,150
Mike Davis,L,74,175,0.259,91,91.259,22.4662,22,73,174
Jerry Reuss,L,77,200,0.167,1,1.167,23.7139,24,75,198
Steve Yeager,R,72,190,0.228,102,102.228,25.7658,26,71,190
Danny Goodwin,L,73,195,0.236,13,13.236,25.7243,26,71,190
Bud Harrelson,B,71,160,0.236,7,7.236,22.313,22,69,158
Bob Knepper,L,75,195,0.137,6,6.137,24.3707,24,73,190
Mickey Rivers,L,70,165,0.295,61,61.295,23.6724,24,69,158
Jim Northrup,L,75,190,0.267,153,153.267,23.7458,24,73,190
John Hale,L,74,195,0.201,14,14.201,25.0338,25,73,190
Reggie Ritter,L,74,195,0,0,0,25.0338,25,73,190
Pedro Garcia,R,70,175,0.22,37,37.22,25.1071,25,69,174
Carl Yastrzemski,L,71,175,0.285,452,452.285,24.4049,24,69,174
Bob Babcock,R,77,210,0,0,0,24.8996,25,75,205
Craig Eaton,R,71,175,0,0,0,24.4049,24,69,174
Derrel Thomas,B,72,160,0.249,43,43.249,21.6975,22,71,158
Art Howe,R,74,190,0.26,43,43.26,24.3919,24,73,190
Ike Brown,R,72,190,0.256,20,20.256,25.7658,26,71,190
Howie Goss,R,76,204,0.216,11,11.216,24.8289,25,75,198
Glenn Borgmann,R,76,210,0.229,16,16.229,25.5592,26,75,205
Lamar Johnson,R,74,215,0.287,64,64.287,27.6014,28,73,213
Julio Gonzalez,R,71,162,0.235,4,4.235,22.5919,23,69,158
Bobby Klaus,R,70,170,0.208,6,6.208,24.3898,24,69,166
Manny Sanguillen,R,72,193,0.296,65,65.296,26.1726,26,71,190
Gates Brown,L,71,220,0.257,84,84.257,30.6804,31,69,213
Johnny Ray,B,71,170,0.29,53,53.29,23.7076,24,69,166
Jesus Alou,R,74,190,0.28,32,32.28,24.3919,24,73,190
Ken Landreaux,L,70,165,0.268,91,91.268,23.6724,24,69,158
Enos Cabell,R,76,170,0.277,60,60.277,20.6908,21,75,166
Roy Branch,R,72,175,0,0,0,23.7317,24,71,174
Billy North,B,71,185,0.261,20,20.261,25.7994,26,69,182
Juan Beniquez,R,71,150,0.274,79,79.274,20.9185,21,69,142
Frank Fernandez,R,72,185,0.199,39,39.199,25.0878,25,71,182
Bombo Rivera,R,70,187,0.265,10,10.265,26.8288,27,69,182
Steve Brye,R,72,190,0.258,30,30.258,25.7658,26,71,190
Ron Jackson,R,72,200,0.259,56,56.259,27.1219,27,71,198
Roger Metzger,B,72,165,0.231,5,5.231,22.3756,22,71,158
Rufino Linares,R,72,170,0.27,11,11.27,23.0536,23,71,166
Ray Webster,L,72,185,0.244,17,17.244,25.0878,25,71,182
Bob Kearney,R,72,190,0.233,27,27.233,25.7658,26,71,190
Fergie Jenkins,R,77,205,0.165,13,13.165,24.3068,24,75,198
Dick Dietz,R,73,195,0.261,66,66.261,25.7243,26,71,190
Ted Cox,R,75,195,0.245,10,10.245,24.3707,24,73,190
Bobby Mitchell,L,70,170,0.243,3,3.243,24.3898,24,69,166
Bobby Mitchell,R,75,185,0.235,21,21.235,23.1209,23,73,182
Barry Evans,R,73,180,0.251,2,2.251,23.7455,24,71,174
Mickey Brantley,R,70,180,0.259,32,32.259,25.8245,26,69,174
Al Gallagher,R,72,180,0.263,11,11.263,24.4097,24,71,174
Rob Woodward,R,75,185,0,0,0,23.1209,23,73,182
Hector Cruz,R,71,170,0.225,39,39.225,23.7076,24,69,166
Fred Norman,B,68,155,0.125,0,0.125,23.5651,24,67,150
Woody Woodward,R,74,180,0.236,1,1.236,23.1081,23,73,174
Ted Martinez,R,72,165,0.24,7,7.24,22.3756,22,71,158
Jim Anderson,R,72,170,0.218,13,13.218,23.0536,23,71,166
Lenn Sakata,R,69,160,0.23,25,25.23,23.6253,24,67,158
Dave Duncan,R,74,190,0.214,109,109.214,24.3919,24,73,190
Randy Jones,R,72,178,0.132,0,0.132,24.1385,24,71,174
Dick Billings,R,73,195,0.227,16,16.227,25.7243,26,71,190
Bob Veselic,R,72,175,0,0,0,23.7317,24,71,174
Bruce Bochte,L,75,195,0.282,100,100.282,24.3707,24,73,190
Bernie Carbo,L,71,173,0.264,96,96.264,24.126,24,69,166
Vic Davalillo,L,67,150,0.279,36,36.279,23.4908,23,65,142
Burt Hooton,R,73,210,0.123,4,4.123,27.7031,28,71,205
Chuck Hockenbery,B,73,195,0,0,0,25.7243,26,71,190
Bob Ferris,R,78,225,0,0,0,25.9985,26,77,221
Fernando Gonzalez,R,70,165,0.235,17,17.235,23.6724,24,69,158
Jim Sundberg,R,72,190,0.248,95,95.248,25.7658,26,71,190
Andy Kosco,R,75,205,0.236,73,73.236,25.6204,26,73,198
Steve Huntz,B,73,204,0.206,16,16.206,26.9116,27,71,198
Gary Wheelock,R,75,205,0,0,0,25.6204,26,73,198
Lenny Faedo,R,72,170,0.251,5,5.251,23.0536,23,71,166
John Lowenstein,L,72,175,0.253,116,116.253,23.7317,24,71,174
Don Kessinger,B,73,170,0.252,14,14.252,22.4263,22,71,166
Joe Hague,L,72,195,0.239,40,40.239,26.4439,26,71,190
Bake McBride,L,74,190,0.299,63,63.299,24.3919,24,73,190
Dick Davis,R,75,190,0.265,27,27.265,23.7458,24,73,190
Richie Scheinblum,B,73,180,0.263,13,13.263,23.7455,24,71,174
Ed Herrmann,L,73,195,0.24,80,80.24,25.7243,26,71,190
Mike Rochford,L,76,205,0,0,0,24.9507,25,75,198
Jeff Schneider,B,75,195,0,0,0,24.3707,24,73,190
Bob Molinaro,L,72,190,0.264,14,14.264,25.7658,26,71,190
Mike Hegan,L,73,188,0.242,53,53.242,24.8009,25,71,182
Mike Diaz,R,74,195,0.247,31,31.247,25.0338,25,73,190
Tim Foli,R,72,179,0.251,25,25.251,24.2741,24,71,174
Alan Knicely,R,72,190,0.213,12,12.213,25.7658,26,71,190
Tim Laudner,R,75,212,0.225,77,77.225,26.4953,26,73,205
Jose Morales,R,71,187,0.287,26,26.287,26.0784,26,69,182
Luis Encarnacion,R,70,178,0,0,0,25.5376,26,69,174
Rick Kreuger,R,74,185,0,0,0,23.75,24,73,182
Juan Marichal,R,72,185,0.165,4,4.165,25.0878,25,71,182
Vida Blue,B,72,189,0.104,4,4.104,25.6302,26,71,182
Angel Moreno,L,69,165,0,0,0,24.3636,24,67,158
Roger Weaver,R,75,190,0,0,0,23.7458,24,73,190
Stan Papi,R,72,170,0.218,7,7.218,23.0536,23,71,166
Rob Wilfong,L,73,180,0.248,39,39.248,23.7455,24,71,174
Chris Knapp,R,77,195,0,0,0,23.1211,23,75,190
Steve Henderson,R,74,190,0.28,68,68.28,24.3919,24,73,190
Rob Picciolo,R,74,185,0.234,17,17.234,23.75,24,73,182
Don Welchel,R,76,205,0,0,0,24.9507,25,75,198
Randy Wiles,L,73,185,0,0,0,24.4051,24,71,182
Roberto Pena,R,68,170,0.245,13,13.245,25.8456,26,67,166
Bob Dernier,R,72,160,0.255,23,23.255,21.6975,22,71,158
Bill Melton,R,74,200,0.253,160,160.253,25.6757,26,73,198
Albert Hall,B,71,155,0.251,5,5.251,21.6158,22,69,150
Barbaro Garbey,R,70,170,0.267,11,11.267,24.3898,24,69,166
John Milner,L,72,185,0.249,131,131.249,25.0878,25,71,182
Rich Reese,L,75,185,0.253,52,52.253,23.1209,23,73,182
Chris Bando,B,72,195,0.227,27,27.227,26.4439,26,71,190
Bill Buckner,L,72,185,0.289,174,174.289,25.0878,25,71,182
Jack Hiatt,R,74,190,0.251,22,22.251,24.3919,24,73,190
Nelson Mathews,R,76,195,0.223,22,22.223,23.7336,24,75,190
Larry Lintz,B,69,150,0.227,0,0.227,22.1487,22,67,142
Ron Theobald,R,68,165,0.248,2,2.248,25.0854,25,67,158
Dewey Robinson,R,72,180,0,0,0,24.4097,24,71,174
Rafael Santana,R,73,165,0.246,13,13.246,21.7667,22,71,158
Jerry Hairston,B,70,170,0.258,30,30.258,24.3898,24,69,166
Tony Arnold,R,71,170,0,0,0,23.7076,24,69,166
Jeff Schattinger,L,77,200,0,0,0,23.7139,24,75,198
Ike Brookens,R,77,170,0,0,0,20.1569,20,75,166
Tommie Aaron,R,75,190,0.229,13,13.229,23.7458,24,73,190
Steve Dillard,R,73,180,0.243,13,13.243,23.7455,24,71,174
Win Remmerswaal,R,74,160,0,0,0,20.5405,21,73,158
Jeff Peterek,R,74,195,0,0,0,25.0338,25,73,190
George Scott,R,74,200,0.268,271,271.268,25.6757,26,73,198
Jeff Shaver,R,75,195,0,0,0,24.3707,24,73,190
Ken Walters,R,73,180,0.231,11,11.231,23.7455,24,71,174
Gorman Thomas,R,74,210,0.225,268,268.225,26.9595,27,73,205
Paul Dade,R,73,185,0.27,10,10.27,24.4051,24,71,182
Darrell Porter,L,72,193,0.247,188,188.247,26.1726,26,71,190
Tim Johnson,L,73,170,0.223,0,0.223,22.4263,22,71,166
Fred Stanley,R,70,165,0.216,10,10.216,23.6724,24,69,158
Larry Bowa,B,70,155,0.26,15,15.26,22.2378,22,69,150
Tim Corcoran,L,71,175,0.27,12,12.27,24.4049,24,69,174
Jim Spencer,L,74,195,0.25,146,146.25,25.0338,25,73,190
Pete LaCock,L,74,200,0.257,27,27.257,25.6757,26,73,198
Carl Morton,R,72,200,0.156,7,7.156,27.1219,27,71,198
Gary Gray,R,72,187,0.24,24,24.24,25.359,25,71,182
Matty Alou,L,69,160,0.307,31,31.307,23.6253,24,67,158
Pete Filson,B,74,195,0,0,0,25.0338,25,73,190
Jim Dwyer,L,70,165,0.26,77,77.26,23.6724,24,69,158
Dalton Jones,L,73,180,0.235,41,41.235,23.7455,24,71,174
Rennie Stennett,R,71,160,0.274,41,41.274,22.313,22,69,158
Jim Gideon,R,75,190,0,0,0,23.7458,24,73,190
Jerry May,R,74,190,0.234,15,15.234,24.3919,24,73,190
Rich McKinney,R,71,185,0.225,20,20.225,25.7994,26,69,182
Clint Hurdle,L,75,195,0.259,32,32.259,24.3707,24,73,190
Mike Andrews,R,75,195,0.258,66,66.258,24.3707,24,73,190
Bobby Clark,R,72,190,0.239,19,19.239,25.7658,26,71,190
Jeff Twitty,L,74,185,0,0,0,23.75,24,73,182
Cliff Johnson,R,76,215,0.258,196,196.258,26.1678,26,75,213
Steve Cummings,B,74,200,0,0,0,25.6757,26,73,198
Donn Clendenon,R,76,209,0.274,159,159.274,25.4375,25,75,205
Charlie James,R,73,195,0.255,29,29.255,25.7243,26,71,190
Bob Horner,R,73,195,0.277,218,218.277,25.7243,26,71,190
Tom Veryzer,R,73,175,0.241,14,14.241,23.0859,23,71,174
Jose Cecena,R,71,180,0,0,0,25.1022,25,69,174
George Smith,R,70,170,0.205,9,9.205,24.3898,24,69,166
Jim Essian,R,74,195,0.244,33,33.244,25.0338,25,73,190
Onix Concepcion,R,66,160,0.239,3,3.239,25.8219,26,65,158
Boots Day,L,69,160,0.256,8,8.256,23.6253,24,67,158
Brian Giles,R,73,165,0.228,10,10.228,21.7667,22,71,158
Garry Maddox,R,75,175,0.285,117,117.285,21.8711,22,73,174
Alex Trevino,R,70,165,0.249,23,23.249,23.6724,24,69,158
Jim Price,R,72,192,0.214,18,18.214,26.037,26,71,190
Felix Millan,R,71,172,0.279,22,22.279,23.9865,24,69,166
Steve Garvey,R,70,192,0.294,272,272.294,27.5461,28,69,190
Don Mincher,L,75,205,0.249,200,200.249,25.6204,26,73,198
Greg Erardi,R,73,190,0,0,0,25.0647,25,71,190
Jim Farr,R,73,195,0,0,0,25.7243,26,71,190
Tony Cloninger,R,72,210,0.192,11,11.192,28.478,28,71,205
Jim Gosger,L,71,185,0.226,30,30.226,25.7994,26,69,182
Chuck Harrison,R,70,185,0.238,17,17.238,26.5418,27,69,182
Mike Ivie,R,75,205,0.269,81,81.269,25.6204,26,73,198
Frank Dimichele,R,75,205,0,0,0,25.6204,26,73,198
Bob Veale,B,78,212,0.114,0,0.114,24.4964,24,77,205
Marvell Wynne,L,71,175,0.247,40,40.247,24.4049,24,69,174
Dusty Baker,R,74,183,0.278,242,242.278,23.4932,23,73,182
Tucker Ashford,R,73,195,0.218,6,6.218,25.7243,26,71,190
Ned Yost,R,73,190,0.212,16,16.212,25.0647,25,71,190
Bob Stinson,B,71,180,0.25,33,33.25,25.1022,25,69,174
Mike Warren,R,73,175,0,0,0,23.0859,23,71,174
Gaylord Perry,R,76,205,0.131,6,6.131,24.9507,25,75,198
Dave Marshall,L,73,182,0.246,16,16.246,24.0094,24,71,182
Mickey Hatcher,R,74,200,0.28,38,38.28,25.6757,26,73,198
Roger Repoz,L,75,190,0.224,82,82.224,23.7458,24,73,190
Bill Fulton,R,75,195,0,0,0,24.3707,24,73,190
John Orsino,R,75,215,0.249,40,40.249,26.8702,27,73,213
Larry Anderson,R,75,190,0,0,0,23.7458,24,73,190
Johnny Briggs,L,73,190,0.253,139,139.253,25.0647,25,71,190
Craig Mitchell,R,75,180,0,0,0,22.496,22,73,174
Dave Hostetler,R,76,215,0.229,37,37.229,26.1678,26,75,213
Bob Jones,L,74,195,0.221,20,20.221,25.0338,25,73,190
Keith Hernandez,L,72,180,0.296,162,162.296,24.4097,24,71,174
Alfredo Martinez,R,75,185,0,0,0,23.1209,23,73,182
Dean Chance,R,75,200,0.066,0,0.066,24.9956,25,73,198
Willie Upshaw,L,72,185,0.262,123,123.262,25.0878,25,71,182
Dick Green,R,70,180,0.24,80,80.24,25.8245,26,69,174
Dane Iorg,L,72,180,0.276,14,14.276,24.4097,24,71,174
Richie Hebner,L,73,195,0.276,203,203.276,25.7243,26,71,190
Fran Healy,R,77,220,0.25,20,20.25,26.0853,26,75,213
Doc Edwards,R,74,215,0.238,15,15.238,27.6014,28,73,213
Sandy Alomar,B,69,140,0.245,13,13.245,20.6721,21,67,134
Joe Strain,R,70,169,0.25,1,1.25,24.2463,24,69,166
Gene Richards,L,72,175,0.29,26,26.29,23.7317,24,71,174
Buddy Bell,R,73,180,0.279,201,201.279,23.7455,24,71,174
Al Woods,L,75,190,0.271,35,35.271,23.7458,24,73,190
Rudy Law,L,73,165,0.271,18,18.271,21.7667,22,71,158
Joel Davis,L,77,205,0,0,0,24.3068,24,75,198
Jody Davis,R,76,192,0.245,127,127.245,23.3684,23,75,190
Mike Edwards,R,70,154,0.25,2,2.25,22.0943,22,69,150
Bill Mooneyham,R,72,175,0,0,0,23.7317,24,71,174
John Hobbs,R,75,190,0,0,0,23.7458,24,73,190
Deron Johnson,R,74,200,0.244,245,245.244,25.6757,26,73,198
John Denny,R,75,185,0.17,0,0.17,23.1209,23,73,182
Don Wert,R,70,162,0.242,77,77.242,23.242,23,69,158
Mike Fiore,L,72,175,0.227,13,13.227,23.7317,24,71,174
Miguel Dilone,B,72,160,0.265,6,6.265,21.6975,22,71,158
Greg Luzinski,R,73,220,0.276,307,307.276,29.0223,29,71,213
Bobby Tolan,L,71,170,0.265,86,86.265,23.7076,24,69,166
Karl Best,R,76,190,0,0,0,23.125,23,75,190
Steve Barr,L,76,200,0,0,0,24.3421,24,75,198
Ron Woods,R,70,168,0.233,26,26.233,24.1029,24,69,166
Tony Horton,R,75,210,0.268,76,76.268,26.2453,26,73,205
Randy Hundley,R,71,170,0.236,82,82.236,23.7076,24,69,166
Jose Tartabull,L,71,165,0.261,2,2.261,23.0103,23,69,158
Ben Oglivie,L,74,160,0.273,235,235.273,20.5405,21,73,158
Luis Sanchez,R,74,170,0,0,0,21.8243,22,73,166
Bob Johnson,R,70,175,0.272,44,44.272,25.1071,25,69,174
Don Buford,B,67,160,0.264,93,93.264,25.0568,25,65,158
Duane Kuiper,L,72,175,0.271,1,1.271,23.7317,24,71,174
Brant Alyea,R,75,215,0.247,38,38.247,26.8702,27,73,213
Jerry Narron,L,75,205,0.211,21,21.211,25.6204,26,73,198
Lou Johnson,R,71,170,0.258,48,48.258,23.7076,24,69,166
Ken Retzer,L,72,185,0.264,14,14.264,25.0878,25,71,182
Mike Brown,R,74,195,0.265,23,23.265,25.0338,25,73,190
Mike Brown,R,74,195,0,0,0,25.0338,25,73,190
Greg Walker,L,75,205,0.26,113,113.26,25.6204,26,73,198
Terry Harper,R,76,195,0.253,36,36.253,23.7336,24,75,190
Jerry Royster,R,72,165,0.249,40,40.249,22.3756,22,71,158
Steve Davis,L,73,195,0,0,0,25.7243,26,71,190
Jeff Rineer,L,76,205,0,0,0,24.9507,25,75,198
Barry Bonnell,R,75,190,0.272,56,56.272,23.7458,24,73,190
Tom Seaver,R,73,195,0.154,12,12.154,25.7243,26,71,190
Jerry Martin,R,73,195,0.251,85,85.251,25.7243,26,71,190
Bill Stein,R,70,170,0.267,44,44.267,24.3898,24,69,166
Joel Youngblood,R,72,180,0.265,80,80.265,24.4097,24,71,174
Reggie Jackson,L,72,195,0.262,563,563.262,26.4439,26,71,190
Sonny Jackson,L,69,150,0.251,7,7.251,22.1487,22,67,142
Mark Mercer,L,77,220,0,0,0,26.0853,26,75,213
Rodney Scott,B,72,160,0.236,3,3.236,21.6975,22,71,158
Rich Coggins,L,68,170,0.265,12,12.265,25.8456,26,67,166
Phil Gagliano,R,73,180,0.238,14,14.238,23.7455,24,71,174
Jerry McNertney,R,72,180,0.237,27,27.237,24.4097,24,71,174
Mitchell Page,L,74,205,0.266,72,72.266,26.3176,26,73,198
Kiko Garcia,R,71,180,0.239,12,12.239,25.1022,25,69,174
Larry Milbourne,B,72,161,0.254,11,11.254,21.8331,22,71,158
Bill Sudakis,B,73,190,0.234,59,59.234,25.0647,25,71,190
John Caneira,R,75,180,0,0,0,22.496,22,73,174
Domingo Ramos,R,70,154,0.24,8,8.24,22.0943,22,69,150
Ron Oester,B,74,185,0.265,42,42.265,23.75,24,73,182
Glenn Adams,L,73,180,0.28,34,34.28,23.7455,24,71,174
Clint Zavaras,R,73,175,0,0,0,23.0859,23,71,174
Joe Morgan,L,67,160,0.271,268,268.271,25.0568,25,65,158
R.J. Reynolds,B,72,190,0.267,35,35.267,25.7658,26,71,190
Mike Parrott,R,76,210,0,0,0,25.5592,26,75,205
Lee Thomas,L,74,195,0.255,106,106.255,25.0338,25,73,190
Ray Fosse,R,74,215,0.256,61,61.256,27.6014,28,73,213
Paul Popovich,B,72,175,0.233,14,14.233,23.7317,24,71,174
John Stephenson,L,71,180,0.216,12,12.216,25.1022,25,69,174
Doug Clemens,L,72,180,0.229,12,12.229,24.4097,24,71,174
Luis Aponte,R,72,185,0,0,0,25.0878,25,71,182
Orlando Mercado,R,72,180,0.199,7,7.199,24.4097,24,71,174
Charley Smith,R,73,170,0.239,69,69.239,22.4263,22,71,166
Paul Boris,R,74,200,0,0,0,25.6757,26,73,198
Buddy Biancalana,B,71,160,0.205,6,6.205,22.313,22,69,158
De Wayne Buice,R,72,170,0,0,0,23.0536,23,71,166
Bob Uecker,R,73,190,0.2,14,14.2,25.0647,25,71,190
Felix Torres,R,71,165,0.254,27,27.254,23.0103,23,69,158
Steve Braun,L,70,180,0.271,52,52.271,25.8245,26,69,174
Ray Knight,R,73,185,0.271,84,84.271,24.4051,24,71,182
Ty Cline,L,72,170,0.238,6,6.238,23.0536,23,71,166
Thad Bosley,L,75,175,0.272,20,20.272,21.8711,22,73,174
Bobby Grich,R,74,180,0.266,224,224.266,23.1081,23,73,174
Jimmie Hall,L,72,175,0.254,121,121.254,23.7317,24,71,174
John Boccabella,R,73,195,0.219,26,26.219,25.7243,26,71,190
Brock Davis,L,70,160,0.26,1,1.26,22.9551,23,69,158
Mark Esser,R,73,190,0,0,0,25.0647,25,71,190
Curt Blefary,L,74,195,0.237,112,112.237,25.0338,25,73,190
Daryl Smith,R,76,185,0,0,0,22.5164,23,75,182
Dave Smith,R,73,190,0,0,0,25.0647,25,71,190
Mack Jones,L,73,180,0.252,133,133.252,23.7455,24,71,174
Buddy Bradford,R,71,170,0.226,52,52.226,23.7076,24,69,166
Hosken Powell,L,73,175,0.259,17,17.259,23.0859,23,71,174
Dave Stapleton,L,73,185,0,0,0,24.4051,24,71,182
Dave Stapleton,R,73,178,0.271,41,41.271,23.4817,23,71,174
Gary Ward,R,74,195,0.276,130,130.276,25.0338,25,73,190
Jim Lonborg,R,77,200,0.136,3,3.136,23.7139,24,75,198
Joe Lis,R,72,175,0.233,32,32.233,23.7317,24,71,174
Dan Meyer,L,71,180,0.253,86,86.253,25.1022,25,69,174
Jim Holt,L,72,180,0.265,19,19.265,24.4097,24,71,174
Tom Klawitter,R,74,190,0,0,0,24.3919,24,73,190
Larry Herndon,R,75,190,0.274,107,107.274,23.7458,24,73,190
Gary Christenson,L,77,200,0,0,0,23.7139,24,75,198
Jim Wright,R,77,205,0,0,0,24.3068,24,75,198
Jim Wright,R,73,165,0,0,0,21.7667,22,71,158
Wallace Johnson,B,72,173,0.255,5,5.255,23.4605,23,71,166
Mike Kinnunen,L,73,185,0,0,0,24.4051,24,71,182
Eddie Leon,R,72,170,0.236,24,24.236,23.0536,23,71,166
Dave Rajsich,L,77,175,0,0,0,20.7497,21,75,174
Jim Wohlford,R,71,175,0.26,21,21.26,24.4049,24,69,174
J.R. Richard,R,80,222,0.168,10,10.168,24.3853,24,79,221
Bill Voss,L,74,160,0.227,19,19.227,20.5405,21,73,158
Keith Moreland,R,72,190,0.279,121,121.279,25.7658,26,71,190
Ramon Pena,R,70,155,0,0,0,22.2378,22,69,150
Alex Johnson,R,72,205,0.288,78,78.288,27.8,28,71,198
Wayne Krenchicki,L,73,180,0.266,15,15.266,23.7455,24,71,174
Chico Escarrega,R,71,185,0,0,0,25.7994,26,69,182
Dave Rosello,R,71,160,0.236,10,10.236,22.313,22,69,158
Cardell Camper,R,75,208,0,0,0,25.9954,26,73,205
Paul Schaal,R,71,165,0.244,57,57.244,23.0103,23,69,158
Tito Landrum,R,71,175,0.249,13,13.249,24.4049,24,69,174
Dave Edwards,R,72,170,0.237,14,14.237,23.0536,23,71,166
Mario Guerrero,R,70,155,0.257,7,7.257,22.2378,22,69,150
Tom Tresh,B,73,180,0.245,153,153.245,23.7455,24,71,174
Mike Overy,R,74,190,0,0,0,24.3919,24,73,190
Ron Roenicke,B,72,180,0.238,17,17.238,24.4097,24,71,174
Doug Griffin,R,72,160,0.245,7,7.245,21.6975,22,71,158
Steve Blass,R,72,165,0.172,1,1.172,22.3756,22,71,158
Johnnie LeMaster,R,74,165,0.222,22,22.222,21.1824,21,73,158
Craig Chamberlain,R,73,190,0,0,0,25.0647,25,71,190
Nate Oliver,R,70,160,0.226,2,2.226,22.9551,23,69,158
Ray Sadecki,L,71,180,0.191,5,5.191,25.1022,25,69,174
Ken Rudolph,R,73,180,0.213,6,6.213,23.7455,24,71,174
Wayne Nordhagen,R,74,205,0.282,39,39.282,26.3176,26,73,198
Biff Pocoroba,B,70,175,0.257,21,21.257,25.1071,25,69,174
Len Matuszek,L,74,190,0.234,30,30.234,24.3919,24,73,190
Frank Eufemia,R,71,185,0,0,0,25.7994,26,69,182
Joe Lefebvre,L,70,170,0.258,31,31.258,24.3898,24,69,166
Jim Maloney,L,74,190,0.201,7,7.201,24.3919,24,73,190
Andre Robertson,R,70,155,0.251,5,5.251,22.2378,22,69,150
Jerry Zimmerman,R,74,185,0.204,3,3.204,23.75,24,73,182
Jack Lazorko,R,71,200,0,0,0,27.8913,28,69,198
Mike Paxton,R,71,190,0,0,0,26.4967,26,69,190
Chet Lemon,R,72,190,0.273,215,215.273,25.7658,26,71,190
Rickey Keeton,R,74,190,0,0,0,24.3919,24,73,190
Phil Mankowski,L,72,180,0.264,8,8.264,24.4097,24,71,174
Cleon Jones,R,72,185,0.281,93,93.281,25.0878,25,71,182
Joaquin Andujar,B,72,170,0.127,5,5.127,23.0536,23,71,166
Mike Lum,L,72,180,0.247,90,90.247,24.4097,24,71,174
Johnny Grubb,L,75,175,0.278,99,99.278,21.8711,22,73,174
Curt Motton,R,68,164,0.213,25,25.213,24.9334,25,67,158
Johnny Bench,R,73,197,0.267,389,389.267,25.9882,26,71,190
Dale Berra,R,72,180,0.236,49,49.236,24.4097,24,71,174
Terry Felton,R,73,180,0,0,0,23.7455,24,71,174
Bob Meacham,B,73,175,0.236,8,8.236,23.0859,23,71,174
Mark Clear,R,76,200,0,0,0,24.3421,24,75,198
Carl Warwick,R,70,170,0.248,31,31.248,24.3898,24,69,166
Sam Bowens,R,73,188,0.223,45,45.223,24.8009,25,71,182
George Wright,B,71,180,0.245,42,42.245,25.1022,25,69,174
Luis Aguayo,R,69,173,0.236,37,37.236,25.5448,26,67,166
Hal Lanier,R,74,180,0.228,8,8.228,23.1081,23,73,174
Mike Pazik,L,74,195,0,0,0,25.0338,25,73,190
Len Randle,B,70,169,0.257,27,27.257,24.2463,24,69,166
Greg Pryor,R,72,180,0.25,14,14.25,24.4097,24,71,174
Jim Traber,L,72,194,0.227,27,27.227,26.3083,26,71,190
Dave Nelson,R,70,160,0.244,20,20.244,22.9551,23,69,158
Lynn Jones,R,69,175,0.252,7,7.252,25.8402,26,67,174
Bryan Little,B,70,160,0.245,3,3.245,22.9551,23,69,158
Ken Suarez,R,69,175,0.227,5,5.227,25.8402,26,67,174
Rick Peters,B,69,170,0.277,2,2.277,25.1019,25,67,166
Ron Stone,L,74,185,0.241,6,6.241,23.75,24,73,182
Rich Barnes,R,76,186,0,0,0,22.6382,23,75,182
Tommie Agee,R,71,195,0.255,130,130.255,27.194,27,69,190
Bob Bailey,R,73,180,0.257,189,189.257,23.7455,24,71,174
Cap Peterson,R,74,195,0.23,19,19.23,25.0338,25,73,190
Ted Uhlaender,L,74,190,0.263,36,36.263,24.3919,24,73,190
Ted Simmons,B,71,193,0.285,248,248.285,26.9151,27,69,190
Bobby Murcer,L,71,160,0.277,252,252.277,22.313,22,69,158
Dick Tracewski,R,71,160,0.213,8,8.213,22.313,22,69,158
Dave Frost,R,78,235,0,0,0,27.154,27,77,229
Mark Souza,L,72,180,0,0,0,24.4097,24,71,174
Bill Nahorodny,R,74,200,0.241,25,25.241,25.6757,26,73,198
Bill Madlock,R,71,180,0.305,163,163.305,25.1022,25,69,174
Bob Boone,R,74,195,0.254,105,105.254,25.0338,25,73,190
Rick Jones,L,77,190,0,0,0,22.5283,23,75,190
Steve Kemp,L,72,195,0.278,130,130.278,26.4439,26,71,190
Rick Burleson,R,70,165,0.273,50,50.273,23.6724,24,69,158
Jim Dorsey,R,79,190,0,0,0,21.402,21,77,190
Mark Ciardi,R,72,180,0,0,0,24.4097,24,71,174
Dennis Burtt,R,72,180,0,0,0,24.4097,24,71,174
Carl Taylor,R,74,200,0.266,10,10.266,25.6757,26,73,198
Terry Harmon,R,74,180,0.233,4,4.233,23.1081,23,73,174
Mike Hargrove,L,72,195,0.29,80,80.29,26.4439,26,71,190
Rich Yett,R,74,187,0,0,0,24.0068,24,73,182
Steve Hovley,L,70,188,0.258,8,8.258,26.9722,27,69,182
Don Leppert,R,74,220,0.229,15,15.229,28.2432,28,73,213
Matt Williams,R,73,200,0,0,0,26.3839,26,71,198
Jim Burton,R,75,195,0,0,0,24.3707,24,73,190
Rick Anderson,R,74,210,0,0,0,26.9595,27,73,205
Charlie Mitchell,R,75,170,0,0,0,21.2462,21,73,166
Bill Paschall,R,72,175,0,0,0,23.7317,24,71,174
John Bohnet,B,72,175,0,0,0,23.7317,24,71,174
Byron McLaughlin,R,73,175,0,0,0,23.0859,23,71,174
Lee May,R,75,195,0.267,354,354.267,24.3707,24,73,190
Luis Quintana,L,74,175,0,0,0,22.4662,22,73,174
Sam McDowell,L,77,190,0.154,2,2.154,22.5283,23,75,190
Rick Renick,R,72,188,0.221,20,20.221,25.4946,25,71,182
Jeff Torborg,R,72,195,0.214,8,8.214,26.4439,26,71,190
Dave Campbell,R,73,180,0.213,20,20.213,23.7455,24,71,174
Pat Kelly,L,73,185,0.264,76,76.264,24.4051,24,71,182
Al Weis,B,72,160,0.219,7,7.219,21.6975,22,71,158
Jerry Turner,L,69,180,0.257,45,45.257,26.5784,27,67,174
Rick Auerbach,R,72,165,0.22,9,9.22,22.3756,22,71,158
Keith Macwhorter,R,76,190,0,0,0,23.125,23,75,190
Don Wilson,R,74,195,0.146,1,1.146,25.0338,25,73,190
Jaime Cocanower,R,76,200,0,0,0,24.3421,24,75,198
Jeff Sellers,R,73,175,0,0,0,23.0859,23,71,174
Sandy Valdespino,L,68,170,0.23,7,7.23,25.8456,26,67,166
Steve Senteney,R,74,205,0,0,0,26.3176,26,73,198
Howard Bailey,R,72,195,0,0,0,26.4439,26,71,190
Jeff Bettendorf,R,75,180,0,0,0,22.496,22,73,174
Ken Phelps,L,73,209,0.239,123,123.239,27.5712,28,71,205
Cesar Cedeno,R,74,175,0.285,199,199.285,22.4662,22,73,174
Bob Davidson,R,72,185,0,0,0,25.0878,25,71,182
Phil Linz,R,73,180,0.235,11,11.235,23.7455,24,71,174
Manny Mota,R,70,160,0.304,31,31.304,22.9551,23,69,158
Brian Snyder,L,75,185,0,0,0,23.1209,23,73,182
Steve Renko,R,77,230,0.215,6,6.215,27.271,27,75,229
Rick Sofield,L,73,195,0.243,9,9.243,25.7243,26,71,190
Carlos Velazquez,R,71,180,0,0,0,25.1022,25,69,174
Roger Miller,R,75,200,0,0,0,24.9956,25,73,198
Doug DeCinces,R,74,190,0.259,237,237.259,24.3919,24,73,190
John Castino,R,71,175,0.278,41,41.278,24.4049,24,69,174
Dave May,L,70,186,0.251,96,96.251,26.6853,27,69,182
Ron Washington,R,71,155,0.261,20,20.261,21.6158,22,69,150
Billy Grabarkewitz,R,70,165,0.236,28,28.236,23.6724,24,69,158
Willie Aikens,L,75,220,0.271,110,110.271,27.4951,27,73,213
Earl Williams,R,75,215,0.247,138,138.247,26.8702,27,73,213
Willie Mueller,R,76,220,0,0,0,26.7763,27,75,213
John Flinn,R,72,175,0,0,0,23.7317,24,71,174
Don Hahn,R,73,180,0.236,7,7.236,23.7455,24,71,174
Todd Cruz,R,72,175,0.22,34,34.22,23.7317,24,71,174
Tom Egan,R,76,218,0.2,22,22.2,26.5329,27,75,213
Bob Heise,R,72,175,0.247,1,1.247,23.7317,24,71,174
Tommy Harper,R,69,165,0.257,146,146.257,24.3636,24,67,158
Joe Wallis,B,71,180,0.244,16,16.244,25.1022,25,69,174
Max Alvis,R,71,185,0.247,111,111.247,25.7994,26,69,182
Rico Carty,R,75,200,0.299,204,204.299,24.9956,25,73,198
Mike Cubbage,L,72,180,0.258,34,34.258,24.4097,24,71,174
Les Straker,R,73,193,0,0,0,25.4605,25,71,190
Merritt Ranew,L,71,170,0.247,8,8.247,23.7076,24,69,166
Lyman Bostock,L,73,180,0.311,23,23.311,23.7455,24,71,174
Damaso Garcia,R,73,165,0.283,36,36.283,21.7667,22,71,158
Don Kainer,R,75,205,0,0,0,25.6204,26,73,198
Don Gordon,R,73,175,0,0,0,23.0859,23,71,174
Roy Howell,L,73,190,0.261,80,80.261,25.0647,25,71,190
Boog Powell,L,76,230,0.266,339,339.266,27.9934,28,75,229
Sandy Wihtol,R,73,195,0,0,0,25.7243,26,71,190
Sonny Siebert,R,75,190,0.173,12,12.173,23.7458,24,73,190
Jeff Richardson,R,75,185,0,0,0,23.1209,23,73,182
Bobby Darwin,R,74,190,0.251,83,83.251,24.3919,24,73,190
Dennis DeBarr,L,74,190,0,0,0,24.3919,24,73,190
Dan Driessen,L,71,187,0.267,153,153.267,26.0784,26,69,182
Bruce Miller,R,73,185,0.246,1,1.246,24.4051,24,71,182
Bob Bailor,R,71,170,0.264,9,9.264,23.7076,24,69,166
Tommy Helms,R,70,165,0.269,34,34.269,23.6724,24,69,158
Tony Armas,R,71,182,0.252,251,251.252,25.3811,25,69,182
Willie Horton,R,71,209,0.273,325,325.273,29.1464,29,69,205
Lou Piniella,R,72,182,0.291,102,102.291,24.6809,25,71,182
Butch Hobson,R,73,193,0.248,98,98.248,25.4605,25,71,190
John Wathan,R,74,205,0.262,21,21.262,26.3176,26,73,198
Hal King,L,73,200,0.214,24,24.214,26.3839,26,71,198
Mike Krukow,R,77,205,0.193,5,5.193,24.3068,24,75,198
Andres Mora,R,72,180,0.223,27,27.223,24.4097,24,71,174
Barry Foote,R,75,205,0.23,57,57.23,25.6204,26,73,198
Ed Ott,L,70,190,0.259,33,33.259,27.2592,27,69,190
Alan Wiggins,B,74,160,0.259,5,5.259,20.5405,21,73,158
Ron Clark,R,70,175,0.189,5,5.189,25.1071,25,69,174
Jay Pettibone,R,76,182,0,0,0,22.1513,22,75,182
Glen Cook,R,71,180,0,0,0,25.1022,25,69,174
Julio Gotay,R,72,180,0.26,6,6.26,24.4097,24,71,174
Gary Alexander,R,74,195,0.23,55,55.23,25.0338,25,73,190
Andre Thornton,R,75,200,0.254,253,253.254,24.9956,25,73,198
Bob Oliver,R,75,205,0.256,94,94.256,25.6204,26,73,198
Bill Castro,R,71,170,0,0,0,23.7076,24,69,166
Ed Hodge,L,74,192,0,0,0,24.6486,25,73,190
Tom Buskey,R,75,200,0,0,0,24.9956,25,73,198
Bruce Taylor,R,72,178,0,0,0,24.1385,24,71,174
Stan Thomas,R,74,185,0,0,0,23.75,24,73,182
Bob Robertson,R,73,195,0.242,115,115.242,25.7243,26,71,190
Larry Monroe,R,76,200,0,0,0,24.3421,24,75,198
Roger Slagle,R,75,190,0,0,0,23.7458,24,73,190
Ollie Brown,R,74,178,0.265,102,102.265,22.8514,23,73,174
Jim Campbell,L,71,175,0,0,0,24.4049,24,69,174
Frank Quilici,R,73,170,0.214,5,5.214,22.4263,22,71,166
Curt Kaufman,R,74,175,0,0,0,22.4662,22,73,174
Joe Pepitone,L,74,185,0.258,219,219.258,23.75,24,73,182
Steve Barber,L,72,195,0.115,5,5.115,26.4439,26,71,190
De Wayne Vaughn,R,71,180,0,0,0,25.1022,25,69,174
Norm Miller,L,70,185,0.238,24,24.238,26.5418,27,69,182
Bob Galasso,L,73,205,0,0,0,27.0435,27,71,198
Rich Wortham,R,72,185,0,0,0,25.0878,25,71,182
Bob Chance,L,74,196,0.261,24,24.261,25.1622,25,73,190
Julio Cruz,B,69,165,0.237,23,23.237,24.3636,24,67,158
Bill Sample,R,69,175,0.272,46,46.272,25.8402,26,67,174
Juan Nieves,L,75,175,0,0,0,21.8711,22,73,174
Mike Bacsik,R,74,180,0,0,0,23.1081,23,73,174
Craig Kusick,R,75,210,0.235,46,46.235,26.2453,26,73,205
Rudy Meoli,L,69,165,0.212,2,2.212,24.3636,24,67,158
Ruppert Jones,L,70,170,0.25,147,147.25,24.3898,24,69,166
Glenn Hoffman,R,73,175,0.242,23,23.242,23.0859,23,71,174
Russ Gibson,R,73,195,0.228,8,8.228,25.7243,26,71,190
Phil Huffman,R,74,180,0,0,0,23.1081,23,73,174
Terry Francona,L,73,190,0.274,16,16.274,25.0647,25,71,190
John Bateman,R,75,210,0.23,81,81.23,26.2453,26,73,205
Luis Pujols,R,74,175,0.193,6,6.193,22.4662,22,73,174
Joe Gaines,R,73,190,0.241,21,21.241,25.0647,25,71,190
Doug Rader,R,74,208,0.251,155,155.251,26.7027,27,73,205
Mickey Stanley,R,73,185,0.248,117,117.248,24.4051,24,71,182
Steve Brown,R,77,200,0,0,0,23.7139,24,75,198
Rick Lysander,R,74,190,0,0,0,24.3919,24,73,190
Phil Bradley,R,72,185,0.286,78,78.286,25.0878,25,71,182
Winston Llenas,R,70,165,0.23,3,3.23,23.6724,24,69,158
Charlie Moore,R,71,180,0.261,36,36.261,25.1022,25,69,174
Ralph Garr,L,71,185,0.306,75,75.306,25.7994,26,69,182
Tommy John,R,75,180,0.157,5,5.157,22.496,22,73,174
Bruce Benedict,R,73,175,0.242,18,18.242,23.0859,23,71,174
John Ellis,R,74,225,0.262,69,69.262,28.8851,29,73,221
Wes Parker,B,73,180,0.267,64,64.267,23.7455,24,71,174
Mel Stottlemyre,R,72,190,0,0,0,25.7658,26,71,190
David Green,R,75,170,0.268,31,31.268,21.2462,21,73,166
Reid Nichols,R,71,165,0.266,22,22.266,23.0103,23,69,158
Rick Reichardt,R,75,210,0.261,116,116.261,26.2453,26,73,205
Luis Tiant,R,72,180,0.164,5,5.164,24.4097,24,71,174
Alex Sanchez,R,74,185,0,0,0,23.75,24,73,182
Broderick Perkins,L,70,180,0.271,8,8.271,25.8245,26,69,174
Leon Roberts,R,75,200,0.267,78,78.267,24.9956,25,73,198
Ray Burris,R,77,200,0.151,1,1.151,23.7139,24,75,198
Len Gabrielson,L,76,210,0.253,37,37.253,25.5592,26,75,205
Johnny Edwards,L,76,220,0.242,81,81.242,26.7763,27,75,213
Paul Wilmet,R,71,170,0,0,0,23.7076,24,69,166
Tom Grieve,R,74,190,0.249,65,65.249,24.3919,24,73,190
Bruce Ellingsen,L,72,180,0,0,0,24.4097,24,71,174
Bob Forsch,R,76,200,0.213,12,12.213,24.3421,24,75,198
Gorman Heimueller,L,76,195,0,0,0,23.7336,24,75,190
Danny Cater,R,72,170,0.276,66,66.276,23.0536,23,71,166
Bill Schroeder,R,74,200,0.24,61,61.24,25.6757,26,73,198
Clay Dalrymple,L,72,190,0.233,55,55.233,25.7658,26,71,190
Carlos May,L,71,200,0.274,90,90.274,27.8913,28,69,198
Reggie Smith,B,72,180,0.287,314,314.287,24.4097,24,71,174
Ron Reed,R,78,215,0.158,0,0.158,24.843,25,77,213
Fred Howard,R,75,190,0,0,0,23.7458,24,73,190
Davey Johnson,R,73,170,0.261,136,136.261,22.4263,22,71,166
Ellis Valentine,R,76,205,0.278,123,123.278,24.9507,25,75,198
Roy White,B,70,160,0.271,160,160.271,22.9551,23,69,158
Mike Brumley,L,70,195,0.229,5,5.229,27.9765,28,69,190
Al Luplow,L,70,175,0.235,33,33.235,25.1071,25,69,174
John Hoover,R,74,190,0,0,0,24.3919,24,73,190
Dick Allen,R,71,187,0.292,351,351.292,26.0784,26,69,182
Doug Ault,R,75,200,0.236,17,17.236,24.9956,25,73,198
Mark Wagner,R,72,165,0.243,3,3.243,22.3756,22,71,158
Mike Walters,R,77,203,0,0,0,24.0697,24,75,198
Willie Stargell,L,74,188,0.282,475,475.282,24.1351,24,73,182
Steve Carlton,L,76,210,0.201,13,13.201,25.5592,26,75,205
Jake Wood,R,73,163,0.25,35,35.25,21.5029,22,71,158
Del Unser,L,73,180,0.258,87,87.258,23.7455,24,71,174
Bob Brower,R,71,185,0.242,17,17.242,25.7994,26,69,182
Ray Culp,R,72,200,0.123,1,1.123,27.1219,27,71,198
Ivan Murrell,R,74,195,0.236,33,33.236,25.0338,25,73,190
Lee Mazzilli,B,73,180,0.259,93,93.259,23.7455,24,71,174
Garth Iorg,R,71,170,0.258,20,20.258,23.7076,24,69,166
Alan Ashby,B,74,185,0.245,90,90.245,23.75,24,73,182
Bob Brenly,R,74,210,0.247,91,91.247,26.9595,27,73,205
Ron Blomberg,L,73,195,0.293,52,52.293,25.7243,26,71,190
Jim Rooker,R,72,195,0.201,7,7.201,26.4439,26,71,190
Tim Blackwell,B,71,170,0.228,6,6.228,23.7076,24,69,166
Colby Ward,R,74,185,0,0,0,23.75,24,73,182
Jerry Morales,R,70,155,0.259,95,95.259,22.2378,22,69,150
Davey Lopes,R,69,170,0.263,155,155.263,25.1019,25,67,166
Catfish Hunter,R,72,190,0.226,6,6.226,25.7658,26,71,190
Mario Soto,R,72,174,0.132,1,1.132,23.5961,24,71,174
Jimmy Wynn,R,70,160,0.25,291,291.25,22.9551,23,69,158
Hank Allen,R,72,190,0.241,6,6.241,25.7658,26,71,190
Jim Fregosi,R,73,190,0.265,151,151.265,25.0647,25,71,190
Pepe Frias,R,70,159,0.24,1,1.24,22.8116,23,69,158
Mike Schmidt,R,74,195,0.267,548,548.267,25.0338,25,73,190
Willie Montanez,L,72,170,0.275,139,139.275,23.0536,23,71,166
Rey Quinones,R,71,160,0.243,29,29.243,22.313,22,69,158
Mike Squires,L,71,185,0.26,6,6.26,25.7994,26,69,182
Champ Summers,L,74,205,0.255,54,54.255,26.3176,26,73,198